checkpoint_step,n_examples,num_clusters,mean_dist,mean_intra,cluster_sizes,elapsed_sec
3000,54,13,0.8532683849334717,0.4000609219074249,"{4: 3, 2: 4, 9: 17, 8: 2, 0: 6, 3: 6, 10: 3, 6: 6, 11: 1, 12: 1, 7: 1, 1: 3, 5: 1}",12.30
13000,4,3,0.8616681694984436,0.0,"{2: 1, 1: 1, 0: 2}",8.01
23000,6,1,2.384185791015625e-07,2.384185791015625e-07,{0: 6},7.98
