checkpoint_step,n_examples,num_clusters,mean_dist,mean_intra,cluster_sizes,elapsed_sec
3000,100,16,0.8540171980857849,0.059356145560741425,"{7: 26, 0: 3, 14: 5, 2: 6, 3: 3, 12: 1, 5: 17, 4: 3, 1: 3, 13: 12, 10: 9, 11: 3, 9: 3, 8: 3, 6: 2, 15: 1}",7.87
13000,43,5,0.5699068903923035,0.014436339028179646,"{4: 25, 1: 5, 2: 7, 0: 4, 3: 2}",8.69
