checkpoint_step,n_examples,num_clusters,mean_dist,mean_intra,cluster_sizes,elapsed_sec
3000,100,23,0.8735607266426086,0.2792125940322876,"{2: 13, 11: 1, 7: 4, 22: 1, 5: 3, 0: 10, 19: 3, 10: 5, 18: 1, 20: 1, 4: 2, 14: 2, 21: 14, 1: 17, 12: 1, 17: 1, 8: 11, 15: 1, 3: 2, 9: 3, 6: 2, 13: 1, 16: 1}",10.22
13000,11,3,0.6924528479576111,0.2229756861925125,"{0: 4, 2: 2, 1: 5}",7.45
23000,3,2,0.5809610486030579,0.0,"{1: 1, 0: 2}",6.55
33000,18,1,0.0,0.0,{0: 18},6.57
