checkpoint_step,n_examples,num_clusters,mean_dist,mean_intra,cluster_sizes,elapsed_sec
3000,71,29,0.8978509902954102,0.2683064937591553,"{16: 2, 26: 1, 6: 3, 19: 1, 4: 2, 24: 1, 0: 12, 10: 2, 22: 2, 2: 9, 23: 1, 8: 4, 27: 1, 28: 1, 17: 1, 3: 2, 9: 2, 1: 8, 11: 1, 14: 1, 13: 1, 7: 2, 5: 3, 21: 1, 25: 1, 15: 2, 18: 2, 20: 1, 12: 1}",12.02
13000,40,12,0.789521336555481,0.2629392743110657,"{1: 5, 8: 1, 9: 1, 3: 11, 0: 12, 6: 1, 10: 1, 2: 2, 11: 1, 7: 3, 4: 1, 5: 1}",6.58
23000,10,4,0.7059040665626526,0.19118277728557587,"{0: 4, 2: 4, 3: 1, 1: 1}",6.32
33000,6,1,0.3178049623966217,0.3178049623966217,{0: 6},6.39
43000,10,2,0.6233211159706116,0.27791643142700195,"{1: 4, 0: 6}",6.43
