checkpoint_step,n_examples,num_clusters,mean_dist,mean_intra,cluster_sizes,elapsed_sec
3000,100,23,0.898365318775177,0.372190922498703,"{19: 3, 5: 15, 17: 7, 7: 4, 0: 5, 3: 6, 8: 11, 18: 2, 11: 1, 1: 4, 12: 1, 21: 1, 2: 6, 16: 4, 22: 1, 20: 9, 9: 4, 4: 2, 10: 4, 6: 3, 14: 5, 15: 1, 13: 1}",10.45
13000,62,7,0.6470932960510254,0.24560783803462982,"{1: 18, 0: 34, 4: 4, 3: 1, 6: 1, 2: 2, 5: 2}",7.36
23000,51,2,0.41245752573013306,0.3690761625766754,"{0: 49, 1: 2}",6.39
