checkpoint_step,n_examples,num_clusters,mean_dist,mean_intra,cluster_sizes,elapsed_sec
3000,100,16,0.8374646902084351,0.2732977569103241,"{10: 4, 6: 7, 0: 19, 2: 5, 14: 1, 12: 10, 3: 16, 13: 7, 15: 1, 7: 1, 1: 17, 5: 2, 9: 1, 4: 7, 11: 1, 8: 1}",11.31
13000,33,7,0.6795132756233215,0.18565645813941956,"{0: 17, 1: 10, 4: 1, 5: 1, 2: 2, 6: 1, 3: 1}",6.94
23000,21,2,0.484573632478714,0.0628337562084198,"{0: 7, 1: 14}",6.31
33000,15,2,0.1406645029783249,1.1920928955078125e-07,"{0: 14, 1: 1}",6.43
43000,7,2,0.5731598138809204,0.4682813584804535,"{0: 6, 1: 1}",6.33
53000,3,1,0.0,0.0,{0: 3},6.39
63000,3,1,5.960464477539063e-08,5.960464477539063e-08,{0: 3},6.29
73000,3,1,3.5762786865234375e-07,3.5762786865234375e-07,{0: 3},6.37
