checkpoint_step,n_examples,num_clusters,mean_dist,mean_intra,cluster_sizes,elapsed_sec
3000,27,5,0.5735211968421936,0.0368620865046978,"{4: 16, 0: 3, 3: 3, 1: 4, 2: 1}",11.96
13000,4,3,0.7887840270996094,5.960464477539063e-08,"{0: 2, 2: 1, 1: 1}",6.31
