checkpoint_step,n_examples,num_clusters,mean_dist,mean_intra,cluster_sizes,elapsed_sec
3000,52,16,0.8636435866355896,0.08633577823638916,"{4: 3, 13: 4, 15: 1, 6: 2, 5: 2, 1: 6, 0: 2, 7: 15, 2: 3, 8: 3, 9: 1, 12: 1, 10: 1, 14: 1, 11: 5, 3: 2}",12.03
13000,6,2,0.30047422647476196,0.0,"{1: 1, 0: 5}",6.35
