checkpoint_step,n_examples,num_clusters,mean_dist,mean_intra,cluster_sizes,elapsed_sec
3000,86,27,0.8742819428443909,0.32252195477485657,"{14: 18, 13: 4, 2: 4, 0: 9, 20: 1, 6: 5, 11: 2, 4: 4, 7: 5, 5: 14, 17: 1, 22: 1, 25: 1, 1: 2, 21: 1, 3: 2, 10: 1, 8: 2, 23: 1, 19: 1, 16: 1, 26: 1, 15: 1, 12: 1, 18: 1, 24: 1, 9: 1}",12.52
13000,13,3,0.2750881612300873,1.1920928955078125e-07,"{0: 11, 2: 1, 1: 1}",7.05
23000,11,1,0.0,0.0,{0: 11},6.26
33000,13,2,0.26135751605033875,2.405473082944809e-07,"{1: 11, 0: 2}",6.23
43000,11,1,2.384185791015625e-07,2.384185791015625e-07,{0: 11},6.40
