checkpoint_step,n_examples,num_clusters,mean_dist,mean_intra,cluster_sizes,elapsed_sec
3000,100,14,0.7651600241661072,0.18535710871219635,"{11: 18, 3: 2, 0: 3, 7: 1, 13: 1, 2: 44, 6: 4, 1: 3, 12: 7, 10: 2, 5: 3, 4: 9, 8: 2, 9: 1}",7.29
13000,54,6,0.3733837306499481,0.003971185069531202,"{2: 3, 1: 3, 4: 42, 5: 3, 0: 2, 3: 1}",8.82
23000,45,3,0.12518732249736786,0.0,"{2: 2, 0: 42, 1: 1}",6.34
