checkpoint_step,n_examples,num_clusters,mean_dist,mean_intra,cluster_sizes,elapsed_sec
3000,100,21,0.8280245065689087,0.26896587014198303,"{16: 24, 19: 1, 2: 26, 10: 1, 14: 1, 11: 1, 20: 1, 5: 6, 1: 8, 15: 1, 12: 2, 0: 6, 4: 5, 3: 9, 7: 2, 17: 1, 13: 1, 6: 1, 18: 1, 8: 1, 9: 1}",9.70
13000,48,6,0.7716162800788879,0.30028194189071655,"{1: 3, 4: 16, 0: 2, 2: 16, 3: 10, 5: 1}",7.72
23000,40,4,0.7790587544441223,0.27987217903137207,"{0: 11, 2: 4, 1: 15, 3: 10}",6.39
33000,1,1,nan,nan,{0: 1},6.43
43000,1,1,nan,nan,{0: 1},6.28
