checkpoint_step,n_examples,num_clusters,mean_dist,mean_intra,cluster_sizes,elapsed_sec
3000,78,19,0.8787847757339478,0.17048168182373047,"{4: 5, 9: 1, 12: 1, 5: 6, 7: 3, 6: 5, 14: 3, 3: 8, 16: 2, 0: 3, 11: 1, 2: 6, 8: 4, 15: 7, 1: 4, 18: 1, 10: 13, 13: 4, 17: 1}",11.97
13000,71,9,0.49252620339393616,0.001451029791496694,"{1: 5, 6: 1, 7: 1, 8: 1, 2: 3, 0: 2, 4: 1, 5: 47, 3: 10}",6.52
23000,4,3,0.7677712440490723,0.0,"{1: 1, 2: 1, 0: 2}",6.33
33000,3,2,0.5855678915977478,0.0,"{1: 1, 0: 2}",6.36
43000,3,2,0.5889520049095154,0.0,"{0: 2, 1: 1}",6.32
53000,2,1,3.5762786865234375e-07,3.5762786865234375e-07,{0: 2},6.42
