checkpoint_step,n_examples,num_clusters,mean_dist,mean_intra,cluster_sizes,elapsed_sec
3000,100,25,0.7885346412658691,0.18630556762218475,"{13: 4, 6: 39, 2: 14, 4: 7, 3: 2, 9: 2, 23: 1, 20: 1, 1: 2, 24: 1, 0: 3, 8: 2, 10: 5, 21: 1, 5: 2, 16: 1, 15: 1, 12: 1, 22: 1, 7: 3, 14: 3, 17: 1, 11: 1, 18: 1, 19: 1}",8.45
13000,31,5,0.6037473678588867,0.0756378099322319,"{3: 17, 0: 3, 2: 6, 4: 2, 1: 3}",8.36
23000,2,1,5.960464477539063e-08,5.960464477539063e-08,{0: 2},6.37
33000,3,1,0.0,0.0,{0: 3},6.32
43000,2,1,0.0,0.0,{0: 2},6.31
53000,3,2,0.5437385439872742,0.0,"{1: 1, 0: 2}",6.33
63000,2,1,1.1920928955078125e-07,1.1920928955078125e-07,{0: 2},6.33
