checkpoint_step,n_examples,num_clusters,mean_dist,mean_intra,cluster_sizes,elapsed_sec
3000,100,18,0.8129283785820007,0.1983768343925476,"{0: 13, 5: 15, 1: 31, 16: 1, 12: 9, 8: 2, 2: 3, 7: 5, 11: 7, 10: 1, 17: 1, 3: 4, 14: 1, 6: 3, 13: 1, 9: 1, 15: 1, 4: 1}",6.76
13000,23,9,0.8442831635475159,0.3349238932132721,"{3: 5, 6: 1, 8: 2, 0: 4, 5: 2, 2: 4, 1: 3, 7: 1, 4: 1}",9.34
23000,11,3,0.28462663292884827,0.0,"{1: 1, 0: 9, 2: 1}",6.75
33000,6,4,0.82536381483078,0.6871706247329712,"{3: 1, 2: 2, 1: 1, 0: 2}",7.46
43000,4,1,0.313942015171051,0.313942015171051,{0: 4},6.59
53000,4,2,0.46787580847740173,0.0,"{0: 3, 1: 1}",6.60
63000,3,1,2.384185791015625e-07,2.384185791015625e-07,{0: 3},6.70
73000,4,2,0.4059237539768219,0.0,"{1: 1, 0: 3}",7.09
83000,12,2,0.4526676833629608,0.15720555186271667,"{0: 9, 1: 3}",6.48
