checkpoint_step,n_examples,num_clusters,mean_dist,mean_intra,cluster_sizes,elapsed_sec
3000,100,18,0.879755437374115,0.36701446771621704,"{4: 8, 16: 7, 1: 25, 2: 3, 0: 4, 15: 2, 14: 3, 3: 8, 6: 8, 5: 11, 7: 2, 12: 2, 10: 2, 13: 4, 9: 1, 17: 1, 11: 8, 8: 1}",10.48
13000,15,6,0.6114902496337891,3.2218727685773274e-09,"{0: 2, 4: 1, 5: 1, 3: 1, 1: 9, 2: 1}",7.29
