checkpoint_step,n_examples,num_clusters,mean_dist,mean_intra,cluster_sizes,elapsed_sec
3000,25,7,0.7697939276695251,0.260375440120697,"{1: 8, 0: 2, 5: 1, 3: 3, 4: 9, 6: 1, 2: 1}",11.90
13000,9,2,0.48234060406684875,1.9868215517249155e-08,"{0: 3, 1: 6}",6.48
