checkpoint_step,n_examples,num_clusters,mean_dist,mean_intra,cluster_sizes,elapsed_sec
3000,64,16,0.8736203908920288,0.13949397206306458,"{13: 2, 1: 4, 0: 9, 10: 1, 5: 14, 12: 1, 3: 3, 15: 1, 4: 9, 2: 4, 7: 7, 11: 2, 6: 4, 14: 1, 8: 1, 9: 1}",12.13
13000,21,4,0.610396683216095,4.8990120404823756e-08,"{3: 1, 2: 11, 0: 6, 1: 3}",6.54
23000,13,1,0.12307966500520706,0.12307966500520706,{0: 13},6.33
33000,11,1,0.0,0.0,{0: 11},6.34
