checkpoint_step,n_examples,num_clusters,mean_dist,mean_intra,cluster_sizes,elapsed_sec
3000,100,19,0.8829026818275452,0.4700261354446411,"{0: 18, 12: 3, 8: 13, 9: 15, 16: 1, 1: 9, 4: 4, 18: 2, 3: 16, 6: 2, 2: 4, 7: 2, 13: 2, 14: 2, 5: 2, 15: 1, 11: 2, 17: 1, 10: 1}",11.16
13000,51,9,0.7115907073020935,0.29162096977233887,"{0: 22, 2: 17, 8: 2, 3: 3, 5: 1, 6: 2, 4: 1, 7: 1, 1: 2}",7.01
23000,3,2,0.7211729884147644,0.2770482301712036,"{1: 1, 0: 2}",6.40
33000,2,1,0.31010544300079346,0.31010544300079346,{0: 2},6.47
43000,8,3,0.6321554183959961,0.35207223892211914,"{0: 6, 2: 1, 1: 1}",6.72
53000,3,2,0.5552788376808167,0.0,"{0: 2, 1: 1}",6.89
63000,2,2,1.0201336145401,nan,"{1: 1, 0: 1}",6.65
73000,2,2,0.9709622263908386,nan,"{1: 1, 0: 1}",6.34
