checkpoint_step,n_examples,num_clusters,mean_dist,mean_intra,cluster_sizes,elapsed_sec
3000,32,13,0.8861590623855591,0.27511683106422424,"{3: 4, 11: 1, 4: 7, 0: 5, 2: 3, 12: 1, 10: 1, 9: 1, 5: 4, 1: 2, 6: 1, 8: 1, 7: 1}",11.84
13000,4,2,0.5555484890937805,0.29572340846061707,"{1: 1, 0: 3}",6.36
23000,4,2,0.5693305134773254,0.2768413722515106,"{1: 1, 0: 3}",6.32
33000,1,1,nan,nan,{0: 1},6.30
43000,2,1,2.384185791015625e-07,2.384185791015625e-07,{0: 2},6.28
53000,2,1,1.1920928955078125e-07,1.1920928955078125e-07,{0: 2},6.36
