checkpoint_step,n_examples,num_clusters,mean_dist,mean_intra,cluster_sizes,elapsed_sec
3000,100,20,0.7464011311531067,0.29367002844810486,"{9: 3, 1: 8, 0: 5, 17: 3, 13: 1, 12: 1, 6: 4, 4: 3, 3: 54, 14: 1, 15: 1, 7: 2, 10: 4, 8: 3, 11: 1, 16: 1, 2: 2, 19: 1, 5: 1, 18: 1}",8.09
13000,3,2,0.8841325640678406,0.772472083568573,"{0: 2, 1: 1}",8.42
23000,2,2,0.9091192483901978,nan,"{1: 1, 0: 1}",7.49
33000,3,2,0.6116487383842468,1.1920928955078125e-07,"{0: 2, 1: 1}",6.24
43000,2,2,0.919165849685669,nan,"{1: 1, 0: 1}",6.40
53000,2,2,0.9109522700309753,nan,"{1: 1, 0: 1}",6.44
63000,2,2,0.9572780132293701,nan,"{1: 1, 0: 1}",6.40
73000,1,1,nan,nan,{0: 1},6.49
