checkpoint_step,n_examples,num_clusters,mean_dist,mean_intra,cluster_sizes,elapsed_sec
3000,71,18,0.8724299669265747,0.10305541753768921,"{3: 3, 7: 2, 17: 14, 9: 8, 4: 4, 8: 3, 13: 1, 0: 6, 15: 8, 6: 2, 12: 7, 16: 1, 5: 2, 2: 2, 10: 1, 1: 5, 11: 1, 14: 1}",12.10
13000,21,5,0.7539320588111877,0.18108342587947845,"{2: 6, 1: 5, 4: 1, 3: 1, 0: 8}",6.37
23000,15,3,0.6903119087219238,0.2160913497209549,"{1: 6, 2: 6, 0: 3}",6.33
33000,9,2,0.5165074467658997,0.18596559762954712,"{1: 6, 0: 3}",6.40
43000,9,2,0.5233034491539001,0.18692944943904877,"{1: 6, 0: 3}",6.25
53000,4,2,0.6126790642738342,0.34657660126686096,"{0: 3, 1: 1}",6.40
63000,1,1,nan,nan,{0: 1},6.27
73000,1,1,nan,nan,{0: 1},6.37
83000,1,1,nan,nan,{0: 1},6.34
