checkpoint_step,n_examples,num_clusters,mean_dist,mean_intra,cluster_sizes,elapsed_sec
3000,100,16,0.8236791491508484,0.41808703541755676,"{1: 8, 0: 33, 2: 18, 10: 10, 6: 2, 8: 5, 5: 2, 12: 1, 3: 4, 14: 4, 9: 1, 15: 2, 13: 1, 11: 2, 4: 2, 7: 5}",7.80
13000,41,3,0.13934697210788727,0.05978728085756302,"{2: 1, 0: 39, 1: 1}",8.74
23000,3,1,0.2870331108570099,0.2870331108570099,{0: 3},6.33
33000,37,1,1.7881393432617188e-07,1.7881393432617188e-07,{0: 37},6.43
