checkpoint_step,n_examples,num_clusters,mean_dist,mean_intra,cluster_sizes,elapsed_sec
3000,69,11,0.7676248550415039,0.09361183643341064,"{1: 4, 0: 18, 8: 1, 2: 20, 7: 15, 5: 1, 4: 2, 3: 5, 9: 1, 6: 1, 10: 1}",12.02
13000,100,3,0.21968628466129303,1.3847233359953748e-09,"{1: 88, 0: 10, 2: 2}",3.82
23000,100,1,3.5762786865234375e-07,3.5762786865234375e-07,{0: 100},4.19
33000,100,1,0.0,0.0,{0: 100},4.14
