checkpoint_step,n_examples,num_clusters,mean_dist,mean_intra,cluster_sizes,elapsed_sec
3000,100,17,0.7692369818687439,0.1432344764471054,"{7: 2, 12: 1, 9: 15, 4: 3, 11: 2, 14: 2, 6: 8, 2: 3, 16: 1, 8: 2, 3: 3, 1: 3, 0: 6, 13: 2, 5: 45, 15: 1, 10: 1}",9.66
13000,7,1,0.0,0.0,{0: 7},7.45
