checkpoint_step,n_examples,num_clusters,mean_dist,mean_intra,cluster_sizes,elapsed_sec
3000,100,20,0.8822634816169739,0.43021073937416077,"{0: 17, 17: 2, 2: 3, 4: 21, 5: 5, 13: 2, 6: 6, 16: 1, 12: 4, 9: 4, 14: 9, 19: 3, 18: 1, 1: 3, 3: 9, 8: 3, 15: 1, 11: 4, 7: 1, 10: 1}",9.23
13000,23,2,0.1896534264087677,0.12803223729133606,"{0: 22, 1: 1}",7.91
