checkpoint_step,n_examples,num_clusters,mean_dist,mean_intra,cluster_sizes,elapsed_sec
3000,40,11,0.85824054479599,0.614476203918457,"{7: 1, 0: 14, 8: 2, 6: 7, 9: 2, 4: 5, 2: 2, 1: 2, 10: 1, 3: 2, 5: 2}",11.98
13000,7,2,0.447445809841156,0.2654363811016083,"{0: 6, 1: 1}",6.33
