checkpoint_step,n_examples,num_clusters,mean_dist,mean_intra,cluster_sizes,elapsed_sec
3000,14,1,0.5731319785118103,0.5731319785118103,{0: 14},11.83
13000,25,8,0.8278210163116455,0.6387136578559875,"{6: 6, 1: 5, 0: 7, 5: 2, 7: 1, 3: 1, 2: 2, 4: 1}",6.44
23000,26,4,0.7313750982284546,0.48357152938842773,"{2: 15, 1: 8, 0: 2, 3: 1}",6.37
33000,25,4,0.7748538851737976,0.6907587051391602,"{0: 8, 2: 15, 3: 1, 1: 1}",6.42
43000,6,4,0.8161396384239197,0.6346006989479065,"{2: 1, 0: 3, 3: 1, 1: 1}",6.32
53000,7,5,0.8213135004043579,0.5288167595863342,"{0: 3, 2: 1, 3: 1, 4: 1, 1: 1}",6.41
63000,3,1,0.7247717380523682,0.7247717380523682,{0: 3},6.30
73000,3,1,0.5004432797431946,0.5004432797431946,{0: 3},6.37
