checkpoint_step,n_examples,num_clusters,mean_dist,mean_intra,cluster_sizes,elapsed_sec
3000,28,6,0.8246965408325195,0.4560855031013489,"{3: 6, 2: 8, 0: 7, 1: 3, 4: 2, 5: 2}",11.88
13000,19,5,0.8096288442611694,0.6603366732597351,"{0: 11, 3: 1, 1: 2, 2: 3, 4: 2}",6.39
23000,16,6,0.7997578978538513,0.6940661072731018,"{0: 10, 5: 1, 3: 1, 2: 1, 1: 2, 4: 1}",6.37
33000,12,2,0.7192219495773315,0.5965543389320374,"{1: 6, 0: 6}",6.40
43000,2,2,0.8065429329872131,nan,"{1: 1, 0: 1}",6.21
53000,5,3,0.7723811268806458,0.6215066909790039,"{0: 3, 2: 1, 1: 1}",6.33
