checkpoint_step,n_examples,num_clusters,mean_dist,mean_intra,cluster_sizes,elapsed_sec
3000,27,3,0.28717461228370667,0.19276319444179535,"{0: 25, 1: 1, 2: 1}",11.85
13000,30,5,0.7744184136390686,0.5017004013061523,"{0: 3, 2: 6, 1: 12, 3: 2, 4: 7}",6.57
23000,18,5,0.776252269744873,0.48131269216537476,"{0: 3, 1: 6, 2: 7, 3: 1, 4: 1}",6.29
33000,22,5,0.8079341650009155,0.6122037172317505,"{3: 3, 1: 3, 0: 12, 4: 2, 2: 2}",6.37
43000,21,3,0.7536872625350952,0.46707597374916077,"{2: 4, 0: 10, 1: 7}",6.44
53000,4,1,0.5448286533355713,0.5448286533355713,{0: 4},6.53
63000,1,1,nan,nan,{0: 1},8.36
73000,3,1,0.04574577137827873,0.04574577137827873,{0: 3},6.56
